"date","maxtempC","mintempC","avgtempC","uvIndex","humidity","pressure","FeelsLikeC","month","city"
"2017-06-22","25","13","19","5","77","1019","19","6","Braga"
"2017-06-23","25","9","17","5","73","1023","18","6","Braga"
"2017-06-24","26","9","18","4","70","1022","18","6","Braga"
"2017-06-25","29","12","20","5","61","1015","20","6","Braga"
"2017-06-26","22","12","17","4","81","1013","17","6","Braga"
"2017-06-27","20","15","17","4","90","1013","17","6","Braga"
"2017-06-28","19","12","16","4","84","1014","16","6","Braga"
"2017-06-29","17","9","14","4","80","1018","13","6","Braga"
"2017-06-30","20","8","14","3","74","1022","14","6","Braga"
"2017-07-01","23","7","15","5","65","1027","16","7","Braga"
"2017-07-02","31","12","21","6","56","1024","22","7","Braga"
"2017-07-03","35","19","26","7","46","1019","26","7","Braga"
"2017-07-04","31","17","24","6","51","1013","25","7","Braga"
"2017-07-05","22","14","18","4","81","1014","18","7","Braga"
"2017-07-06","26","12","18","5","82","1015","19","7","Braga"
"2017-07-07","26","14","19","5","81","1017","20","7","Braga"
"2017-07-08","27","14","20","5","79","1017","20","7","Braga"
"2017-07-09","22","14","17","5","87","1017","17","7","Braga"
"2017-07-10","26","11","18","5","73","1017","19","7","Braga"
"2017-07-11","27","12","19","5","67","1018","20","7","Braga"
"2017-07-12","30","14","22","6","71","1020","22","7","Braga"
"2017-07-13","32","17","24","6","64","1019","25","7","Braga"
"2017-07-14","33","15","23","6","63","1018","24","7","Braga"
"2017-07-15","35","16","24","6","54","1016","25","7","Braga"
"2017-07-16","33","15","23","6","54","1016","24","7","Braga"
"2017-07-17","28","12","20","5","72","1014","21","7","Braga"
"2017-07-18","22","11","17","5","85","1013","17","7","Braga"
"2017-07-19","23","16","18","4","82","1016","18","7","Braga"
"2017-07-20","24","14","18","5","65","1017","18","7","Braga"
"2017-07-21","23","13","18","5","63","1016","18","7","Braga"
"2017-07-22","24","14","18","5","70","1018","19","7","Braga"
"2017-07-23","28","15","21","6","62","1022","21","7","Braga"
"2017-07-24","29","17","22","6","64","1023","22","7","Braga"
"2017-07-25","31","17","23","6","49","1019","23","7","Braga"
"2017-07-26","31","19","24","6","45","1017","24","7","Braga"
"2017-07-27","28","17","22","6","66","1017","22","7","Braga"
"2017-07-28","27","18","22","6","71","1019","23","7","Braga"
"2017-07-29","27","19","22","6","76","1018","22","7","Braga"
"2017-07-30","24","16","20","5","69","1016","20","7","Braga"
"2017-07-31","23","15","19","5","60","1014","19","7","Braga"
"2017-08-01","24","14","19","5","63","1017","19","8","Braga"
"2017-08-02","26","14","20","5","61","1020","20","8","Braga"
"2017-08-03","28","17","22","6","70","1020","22","8","Braga"
"2017-08-04","29","19","23","6","70","1019","24","8","Braga"
"2017-08-05","29","19","24","6","65","1019","24","8","Braga"
"2017-08-06","31","17","23","6","52","1017","24","8","Braga"
"2017-08-07","25","17","20","6","61","1016","21","8","Braga"
"2017-08-08","24","12","18","5","60","1020","18","8","Braga"
"2017-08-09","25","12","18","5","52","1022","18","8","Braga"
"2017-08-10","29","12","20","6","42","1024","20","8","Braga"
"2017-08-11","31","16","23","6","36","1022","23","8","Braga"
"2017-08-12","33","18","25","7","30","1020","25","8","Braga"
"2017-08-13","33","20","26","7","37","1016","26","8","Braga"
"2017-08-14","28","18","22","6","53","1015","23","8","Braga"
"2017-08-15","26","16","20","6","64","1020","21","8","Braga"
"2017-08-16","28","15","21","6","56","1022","21","8","Braga"
"2017-08-17","30","17","22","6","63","1021","24","8","Braga"
"2017-08-18","29","17","23","6","60","1020","24","8","Braga"
"2017-08-19","33","17","25","6","53","1020","25","8","Braga"
"2017-08-20","38","21","28","7","33","1018","28","8","Braga"
"2017-08-21","34","22","27","7","32","1015","27","8","Braga"
"2017-08-22","31","19","24","6","57","1017","26","8","Braga"
"2017-08-23","30","19","24","6","55","1016","25","8","Braga"
"2017-08-24","25","16","20","5","74","1017","20","8","Braga"
"2017-08-25","27","15","20","6","63","1017","20","8","Braga"
"2017-08-26","29","17","22","6","54","1013","22","8","Braga"
"2017-08-27","26","16","20","6","66","1012","21","8","Braga"
"2017-08-28","26","16","20","6","68","1014","21","8","Braga"
"2017-08-29","26","16","20","5","75","1014","20","8","Braga"
"2017-08-30","23","17","19","5","78","1016","20","8","Braga"
"2017-08-31","28","14","20","6","60","1019","21","8","Braga"
"2017-09-01","28","14","20","6","49","1021","20","9","Braga"
"2017-09-02","29","16","21","6","43","1022","21","9","Braga"
"2017-09-03","25","16","20","6","49","1018","21","9","Braga"
"2017-09-04","25","17","20","6","77","1018","21","9","Braga"
"2017-09-05","28","16","21","6","70","1022","21","9","Braga"
"2017-09-06","32","16","23","6","54","1023","24","9","Braga"
"2017-09-07","31","18","24","6","40","1020","24","9","Braga"
"2017-09-08","25","15","20","5","50","1017","21","9","Braga"
"2017-09-09","21","15","18","5","67","1016","18","9","Braga"
"2017-09-10","23","12","17","5","65","1018","18","9","Braga"
"2017-09-11","23","15","18","5","70","1018","19","9","Braga"
"2017-09-12","23","13","18","5","73","1021","18","9","Braga"
"2017-09-13","26","15","20","5","70","1022","20","9","Braga"
"2017-09-14","25","15","19","5","64","1022","19","9","Braga"
"2017-09-15","21","11","16","5","52","1020","15","9","Braga"
"2017-09-16","21","9","15","4","54","1019","14","9","Braga"
"2017-09-17","20","10","15","4","63","1020","15","9","Braga"
"2017-09-18","19","14","16","4","78","1021","16","9","Braga"
"2017-09-19","23","12","17","5","71","1024","18","9","Braga"
"2017-09-20","25","13","18","5","60","1020","19","9","Braga"
"2017-09-21","23","14","18","5","66","1018","18","9","Braga"
"2017-09-22","26","13","18","5","63","1019","19","9","Braga"
"2017-09-23","23","14","18","5","63","1019","19","9","Braga"
"2017-09-24","21","13","16","5","62","1021","17","9","Braga"
"2017-09-25","23","13","17","5","73","1023","18","9","Braga"
"2017-09-26","24","12","17","5","63","1021","19","9","Braga"
"2017-09-27","25","15","19","5","62","1020","19","9","Braga"
"2017-09-28","25","16","20","5","72","1022","20","9","Braga"
"2017-09-29","24","15","19","5","70","1022","20","9","Braga"
"2017-09-30","23","15","18","5","70","1023","18","9","Braga"
"2017-10-01","28","15","20","6","61","1024","21","10","Braga"
"2017-10-02","30","19","23","6","55","1024","24","10","Braga"
"2017-10-03","28","18","22","6","63","1022","24","10","Braga"
"2017-10-04","27","15","20","5","60","1021","21","10","Braga"
"2017-10-05","26","15","20","5","59","1021","21","10","Braga"
"2017-10-06","23","18","20","5","60","1020","21","10","Braga"
"2017-10-07","30","18","23","6","34","1020","23","10","Braga"
"2017-10-08","29","18","22","6","22","1019","22","10","Braga"
"2017-10-09","28","16","21","6","29","1020","22","10","Braga"
"2017-10-10","28","16","21","6","25","1019","22","10","Braga"
"2017-10-11","25","15","19","5","34","1021","20","10","Braga"
"2017-10-12","29","16","21","6","31","1023","22","10","Braga"
"2017-10-13","25","16","19","5","45","1024","20","10","Braga"
"2017-10-14","28","16","21","6","41","1022","22","10","Braga"
"2017-10-15","32","20","25","6","31","1018","25","10","Braga"
"2017-10-16","22","17","19","4","77","1020","19","10","Braga"
"2017-10-17","19","14","16","5","74","1017","16","10","Braga"
"2017-10-18","17","12","14","4","77","1012","14","10","Braga"
"2017-10-19","15","12","13","3","83","1014","14","10","Braga"
"2017-10-20","19","15","17","4","94","1018","17","10","Braga"
"2017-10-21","18","12","15","4","71","1026","15","10","Braga"
"2017-10-22","20","9","13","4","60","1029","13","10","Braga"
"2017-10-23","23","11","16","5","44","1026","16","10","Braga"
"2017-10-24","25","14","18","5","35","1023","19","10","Braga"
"2017-10-25","25","15","19","5","44","1022","19","10","Braga"
"2017-10-26","26","15","19","5","60","1026","20","10","Braga"
"2017-10-27","30","17","22","6","42","1028","22","10","Braga"
"2017-10-28","26","17","20","6","42","1026","21","10","Braga"
"2017-10-29","25","15","19","5","47","1023","19","10","Braga"
"2017-10-30","22","14","17","5","53","1020","17","10","Braga"
"2017-10-31","21","12","16","5","50","1019","15","10","Braga"
"2017-11-01","20","13","16","5","57","1017","16","11","Braga"
"2017-11-02","17","13","15","4","80","1014","15","11","Braga"
"2017-11-03","18","12","14","4","79","1010","14","11","Braga"
"2017-11-04","18","13","15","4","76","1013","15","11","Braga"
"2017-11-05","16","9","12","4","69","1026","11","11","Braga"
"2017-11-06","18","8","12","4","62","1026","12","11","Braga"
"2017-11-07","16","9","12","4","65","1023","13","11","Braga"
"2017-11-08","15","8","11","4","65","1028","9","11","Braga"
"2017-11-09","16","6","10","4","66","1030","10","11","Braga"
"2017-11-10","18","9","13","4","73","1032","12","11","Braga"
"2017-11-11","19","9","13","4","65","1030","13","11","Braga"
"2017-11-12","18","10","13","4","74","1026","13","11","Braga"
"2017-11-13","18","9","13","4","65","1023","12","11","Braga"
"2017-11-14","18","8","12","4","51","1022","11","11","Braga"
"2017-11-15","17","9","12","4","44","1020","13","11","Braga"
"2017-11-16","18","9","13","4","48","1021","13","11","Braga"
"2017-11-17","19","10","13","4","49","1021","14","11","Braga"
"2017-11-18","20","10","14","4","49","1021","14","11","Braga"
"2017-11-19","20","10","14","4","44","1022","14","11","Braga"
"2017-11-20","19","10","13","4","36","1023","13","11","Braga"
"2017-11-21","19","10","13","4","42","1020","13","11","Braga"
"2017-11-22","16","10","14","4","53","1011","13","11","Braga"
"2017-11-23","16","14","15","3","87","1012","15","11","Braga"
"2017-11-24","17","14","15","3","85","1016","15","11","Braga"
"2017-11-25","17","11","13","4","77","1022","13","11","Braga"
"2017-11-26","14","8","10","4","55","1029","8","11","Braga"
"2017-11-27","15","6","9","3","51","1027","9","11","Braga"
"2017-11-28","15","7","10","3","49","1019","9","11","Braga"
"2017-11-29","12","6","8","3","65","1014","6","11","Braga"
"2017-11-30","12","3","7","3","61","1021","5","11","Braga"
"2017-12-01","12","4","7","3","71","1025","6","12","Braga"
"2017-12-02","11","3","6","3","63","1028","5","12","Braga"
"2017-12-03","12","4","7","3","62","1031","6","12","Braga"
"2017-12-04","13","4","7","3","59","1035","6","12","Braga"
"2017-12-05","13","4","8","3","63","1035","7","12","Braga"
"2017-12-06","13","5","8","3","52","1033","8","12","Braga"
"2017-12-07","13","7","9","3","57","1031","9","12","Braga"
"2017-12-08","13","10","11","3","95","1028","11","12","Braga"
"2017-12-09","14","11","12","3","96","1026","12","12","Braga"
"2017-12-10","15","12","13","3","93","1009","11","12","Braga"
"2017-12-11","10","6","9","3","74","1000","6","12","Braga"
"2017-12-12","11","5","7","3","76","1020","7","12","Braga"
"2017-12-13","11","8","10","2","87","1025","9","12","Braga"
"2017-12-14","13","10","12","3","97","1021","11","12","Braga"
"2017-12-15","11","7","10","3","82","1017","9","12","Braga"
"2017-12-16","11","5","7","3","73","1025","6","12","Braga"
"2017-12-17","12","4","7","3","63","1033","6","12","Braga"
"2017-12-18","13","5","8","3","64","1034","8","12","Braga"
"2017-12-19","17","9","11","4","82","1031","11","12","Braga"
"2017-12-20","15","7","10","4","62","1034","10","12","Braga"
"2017-12-21","16","8","11","4","58","1037","10","12","Braga"
"2017-12-22","15","8","10","4","67","1038","11","12","Braga"
"2017-12-23","15","8","10","4","65","1034","9","12","Braga"
"2017-12-24","14","7","9","3","69","1031","9","12","Braga"
"2017-12-25","10","7","9","2","81","1022","7","12","Braga"
"2017-12-26","12","6","9","2","90","1018","7","12","Braga"
"2017-12-27","11","8","10","3","82","1014","8","12","Braga"
"2017-12-28","13","10","12","3","96","1016","11","12","Braga"
"2017-12-29","13","11","13","3","99","1022","12","12","Braga"
"2017-12-30","14","12","13","3","90","1026","12","12","Braga"
"2017-12-31","12","9","11","4","83","1024","10","12","Braga"
"2018-01-01","13","8","10","3","89","1032","9","1","Braga"
"2018-01-02","13","11","12","3","96","1032","11","1","Braga"
"2018-01-03","14","13","13","3","99","1033","13","1","Braga"
"2018-01-04","13","12","13","3","93","1027","12","1","Braga"
"2018-01-05","12","7","10","3","85","1012","9","1","Braga"
"2018-01-06","9","4","6","3","76","1007","5","1","Braga"
"2018-01-07","10","3","6","3","77","1006","4","1","Braga"
"2018-01-08","10","4","6","3","71","1012","6","1","Braga"
"2018-01-09","8","5","6","2","85","1014","5","1","Braga"
"2018-01-10","11","7","8","3","84","1019","7","1","Braga"
"2018-01-11","11","5","8","3","79","1027","7","1","Braga"
"2018-01-12","11","4","7","3","72","1025","6","1","Braga"
"2018-01-13","11","6","8","2","86","1018","7","1","Braga"
"2018-01-14","10","4","6","3","80","1021","6","1","Braga"
"2018-01-15","10","3","6","3","68","1028","6","1","Braga"
"2018-01-16","11","8","10","2","96","1029","10","1","Braga"
"2018-01-17","14","8","10","4","84","1030","10","1","Braga"
"2018-01-18","14","6","9","3","70","1026","9","1","Braga"
"2018-01-19","15","7","10","3","81","1026","10","1","Braga"
"2018-01-20","10","6","8","2","83","1030","9","1","Braga"
"2018-01-21","13","10","11","3","95","1032","11","1","Braga"
"2018-01-22","15","10","11","4","87","1031","12","1","Braga"
"2018-01-23","15","8","10","4","82","1030","11","1","Braga"
"2018-01-24","13","6","9","3","79","1027","9","1","Braga"
"2018-01-25","10","6","9","2","84","1022","8","1","Braga"
"2018-01-26","11","4","7","3","78","1030","7","1","Braga"
"2018-01-27","13","5","8","3","77","1035","7","1","Braga"
"2018-01-28","16","6","10","3","65","1035","9","1","Braga"
"2018-01-29","17","7","11","4","61","1034","10","1","Braga"
"2018-01-30","17","7","11","4","55","1029","10","1","Braga"
"2018-01-31","15","7","10","3","58","1024","10","1","Braga"
"2018-02-01","11","6","8","3","73","1019","6","2","Braga"
"2018-02-02","11","3","6","3","67","1020","5","2","Braga"
"2018-02-03","6","3","5","1","83","1022","5","2","Braga"
"2018-02-04","10","3","6","3","75","1016","4","2","Braga"
"2018-02-05","10","3","6","3","63","1014","3","2","Braga"
"2018-02-06","9","1","4","2","62","1018","2","2","Braga"
"2018-02-07","10","2","5","2","64","1021","2","2","Braga"
"2018-02-08","10","1","5","2","61","1024","3","2","Braga"
"2018-02-09","12","6","8","3","72","1023","7","2","Braga"
"2018-02-10","12","3","7","3","71","1027","6","2","Braga"
"2018-02-11","11","8","9","2","95","1024","9","2","Braga"
"2018-02-12","10","3","6","3","74","1025","5","2","Braga"
"2018-02-13","10","3","7","2","89","1020","5","2","Braga"
"2018-02-14","12","9","11","3","97","1019","9","2","Braga"
"2018-02-15","12","11","12","3","99","1022","11","2","Braga"
"2018-02-16","13","10","11","3","92","1023","11","2","Braga"
"2018-02-17","15","8","10","4","73","1026","10","2","Braga"
"2018-02-18","16","6","10","3","62","1026","9","2","Braga"
"2018-02-19","16","9","11","3","64","1022","11","2","Braga"
"2018-02-20","17","7","11","4","69","1021","11","2","Braga"
"2018-02-21","17","6","10","4","61","1015","10","2","Braga"
"2018-02-22","14","5","9","3","56","1012","8","2","Braga"
"2018-02-23","14","4","8","3","50","1008","7","2","Braga"
"2018-02-24","14","3","8","3","43","1007","7","2","Braga"
"2018-02-25","16","4","9","3","42","1011","8","2","Braga"
"2018-02-26","18","6","11","4","45","1007","10","2","Braga"
"2018-02-27","10","4","7","3","64","1003","5","2","Braga"
"2018-02-28","10","5","8","2","92","989","6","2","Braga"
"2018-03-01","11","6","9","2","89","983","7","3","Braga"
"2018-03-02","11","4","7","2","85","992","5","3","Braga"
"2018-03-03","11","8","9","3","87","995","7","3","Braga"
"2018-03-04","11","6","8","2","82","996","7","3","Braga"
"2018-03-05","12","7","9","3","83","994","7","3","Braga"
"2018-03-06","11","6","8","3","77","1002","6","3","Braga"
"2018-03-07","12","4","8","3","69","1009","7","3","Braga"
"2018-03-08","11","8","9","2","84","1006","8","3","Braga"
"2018-03-09","15","11","13","3","93","1002","11","3","Braga"
"2018-03-10","13","10","11","4","82","998","9","3","Braga"
"2018-03-11","10","9","9","2","85","999","6","3","Braga"
"2018-03-12","12","7","10","2","77","1015","8","3","Braga"
"2018-03-13","13","9","11","3","86","1014","10","3","Braga"
"2018-03-14","12","9","11","3","87","1001","9","3","Braga"
"2018-03-15","9","6","8","2","84","1001","6","3","Braga"
"2018-03-16","11","5","8","2","81","1007","6","3","Braga"
"2018-03-17","12","5","8","3","76","1004","8","3","Braga"
"2018-03-18","13","5","8","3","74","1009","8","3","Braga"
"2018-03-19","11","6","8","3","76","1013","7","3","Braga"
"2018-03-20","13","4","7","3","65","1023","5","3","Braga"
"2018-03-21","16","1","8","3","55","1030","7","3","Braga"
"2018-03-22","13","4","8","3","60","1027","8","3","Braga"
"2018-03-23","12","7","9","2","87","1015","8","3","Braga"
"2018-03-24","11","6","8","3","73","1011","5","3","Braga"
"2018-03-25","14","5","9","3","73","1016","8","3","Braga"
"2018-03-26","15","4","9","3","69","1027","9","3","Braga"
"2018-03-27","17","8","12","4","78","1028","12","3","Braga"
"2018-03-28","10","8","9","2","92","1021","9","3","Braga"
"2018-03-29","11","6","8","2","85","1013","6","3","Braga"
"2018-03-30","8","5","7","3","81","1007","4","3","Braga"
"2018-03-31","13","4","9","3","73","1015","8","3","Braga"
"2018-04-01","19","8","12","4","62","1012","12","4","Braga"
"2018-04-02","14","10","11","3","84","1004","10","4","Braga"
"2018-04-03","12","9","11","4","83","1003","8","4","Braga"
"2018-04-04","13","9","11","3","85","1013","9","4","Braga"
"2018-04-05","17","6","11","4","72","1016","11","4","Braga"
"2018-04-06","10","8","9","2","88","1007","8","4","Braga"
"2018-04-07","13","7","10","2","81","1006","9","4","Braga"
"2018-04-08","11","7","9","2","88","1008","8","4","Braga"
"2018-04-09","14","7","10","3","83","1009","8","4","Braga"
"2018-04-10","10","6","8","2","84","1000","6","4","Braga"
"2018-04-11","10","3","7","3","85","1007","6","4","Braga"
"2018-04-12","10","8","9","2","89","1001","8","4","Braga"
"2018-04-13","15","7","10","4","80","1007","10","4","Braga"
"2018-04-14","16","7","11","4","78","1017","11","4","Braga"
"2018-04-15","14","9","11","3","80","1017","11","4","Braga"
"2018-04-16","16","6","11","4","71","1019","11","4","Braga"
"2018-04-17","20","8","14","4","66","1022","14","4","Braga"
"2018-04-18","23","11","16","5","63","1021","17","4","Braga"
"2018-04-19","24","12","18","5","63","1019","18","4","Braga"
"2018-04-20","27","15","20","5","53","1016","20","4","Braga"
"2018-04-21","23","14","18","5","57","1016","18","4","Braga"
"2018-04-22","24","14","18","5","60","1016","18","4","Braga"
"2018-04-23","27","14","20","6","59","1017","21","4","Braga"
"2018-04-24","27","16","21","6","58","1017","21","4","Braga"
"2018-04-25","25","13","19","5","63","1019","19","4","Braga"
"2018-04-26","24","12","17","5","59","1019","17","4","Braga"
"2018-04-27","16","9","12","4","66","1017","12","4","Braga"
"2018-04-28","15","7","10","4","68","1012","10","4","Braga"
"2018-04-29","11","7","9","3","78","1011","7","4","Braga"
"2018-04-30","14","5","10","2","74","1016","9","4","Braga"
"2018-05-01","15","5","10","3","60","1018","9","5","Braga"
"2018-05-02","15","8","11","3","76","1017","11","5","Braga"
"2018-05-03","21","10","15","4","64","1019","15","5","Braga"
"2018-05-04","24","9","15","5","51","1017","15","5","Braga"
"2018-05-05","26","12","18","5","49","1016","18","5","Braga"
"2018-05-06","26","14","19","5","58","1015","19","5","Braga"
"2018-05-07","26","15","20","6","62","1015","20","5","Braga"
"2018-05-08","24","14","18","5","67","1015","19","5","Braga"
"2018-05-09","19","12","15","5","69","1015","16","5","Braga"
"2018-05-10","24","10","16","5","57","1017","17","5","Braga"
"2018-05-11","18","11","14","4","68","1018","14","5","Braga"
"2018-05-12","15","8","11","4","65","1022","10","5","Braga"
"2018-05-13","15","6","11","4","68","1025","11","5","Braga"
"2018-05-14","19","9","14","3","78","1023","14","5","Braga"
"2018-05-15","25","10","17","5","47","1021","17","5","Braga"
"2018-05-16","28","13","20","5","47","1016","19","5","Braga"
"2018-05-17","28","16","21","6","48","1014","21","5","Braga"
"2018-05-18","27","15","20","6","50","1015","20","5","Braga"
"2018-05-19","26","16","20","6","53","1016","20","5","Braga"
"2018-05-20","25","15","19","5","56","1014","20","5","Braga"
"2018-05-21","22","13","16","5","57","1011","17","5","Braga"
"2018-05-22","25","12","18","5","60","1014","18","5","Braga"
"2018-05-23","25","14","19","5","62","1015","20","5","Braga"
"2018-05-24","22","15","18","4","68","1014","18","5","Braga"
"2018-05-25","18","14","16","4","82","1012","16","5","Braga"
"2018-05-26","21","14","17","5","73","1013","17","5","Braga"
"2018-05-27","21","13","17","5","70","1015","17","5","Braga"
"2018-05-28","20","11","15","5","73","1016","16","5","Braga"
"2018-05-29","17","12","14","3","85","1015","15","5","Braga"
"2018-05-30","17","12","15","3","80","1016","15","5","Braga"
"2018-05-31","17","12","14","3","81","1019","14","5","Braga"
"2018-06-01","19","10","14","4","74","1020","15","6","Braga"
"2018-06-02","21","12","16","5","73","1019","16","6","Braga"
"2018-06-03","16","12","14","3","81","1017","14","6","Braga"
"2018-06-04","16","13","14","3","84","1015","13","6","Braga"
"2018-06-05","14","12","13","3","93","1015","13","6","Braga"
"2018-06-06","20","12","16","5","80","1016","16","6","Braga"
"2018-06-07","14","13","14","3","92","1016","14","6","Braga"
"2018-06-08","19","12","15","4","75","1012","15","6","Braga"
"2018-06-09","16","10","13","3","84","1013","13","6","Braga"
"2018-06-10","18","13","15","3","87","1013","15","6","Braga"
"2018-06-11","19","12","15","4","83","1016","16","6","Braga"
"2018-06-12","22","14","17","4","76","1019","17","6","Braga"
"2018-06-13","25","13","18","5","63","1021","19","6","Braga"
"2018-06-14","27","13","20","5","59","1020","20","6","Braga"
"2018-06-15","26","16","20","6","67","1018","21","6","Braga"
"2018-06-16","27","14","20","6","59","1019","21","6","Braga"
"2018-06-17","31","16","23","6","54","1022","23","6","Braga"
"2018-06-18","35","19","26","7","47","1021","27","6","Braga"
"2018-06-19","33","21","26","7","46","1018","27","6","Braga"
"2018-06-20","31","20","26","7","52","1016","27","6","Braga"
"2018-06-21","31","20","25","6","61","1017","27","6","Braga"
"2018-06-22","33","20","25","7","62","1017","27","6","Braga"
"2018-06-23","33","21","26","7","54","1015","27","6","Braga"
"2018-06-24","29","20","24","6","61","1015","26","6","Braga"
"2018-06-25","24","17","20","6","80","1016","20","6","Braga"
"2018-06-26","23","16","19","4","78","1019","19","6","Braga"
"2018-06-27","24","14","19","4","72","1019","19","6","Braga"
"2018-06-28","25","16","20","5","70","1014","20","6","Braga"
"2018-06-29","26","16","20","6","72","1009","20","6","Braga"
"2018-06-30","22","17","19","4","77","1008","19","6","Braga"
"2018-07-01","19","16","18","4","78","1010","18","7","Braga"
"2018-07-02","19","16","17","4","87","1014","17","7","Braga"
"2018-07-03","21","16","18","4","77","1018","18","7","Braga"
"2018-07-04","21","14","17","5","77","1019","18","7","Braga"
"2018-07-05","23","14","18","5","75","1023","19","7","Braga"
"2018-07-06","26","15","20","5","72","1021","20","7","Braga"
"2018-07-07","27","16","21","6","68","1019","22","7","Braga"
"2018-07-08","30","17","23","6","65","1019","24","7","Braga"
"2018-07-09","32","20","25","7","62","1019","27","7","Braga"
"2018-07-10","30","21","25","6","64","1017","27","7","Braga"
"2018-07-11","27","19","22","6","72","1016","24","7","Braga"
"2018-07-12","28","17","23","6","64","1015","24","7","Braga"
"2018-07-13","27","18","22","6","72","1015","22","7","Braga"
"2018-07-14","25","17","21","6","72","1017","21","7","Braga"
"2018-07-15","24","16","20","5","71","1018","20","7","Braga"
"2018-07-16","25","15","20","5","68","1021","20","7","Braga"
"2018-07-17","28","16","22","6","65","1018","22","7","Braga"
"2018-07-18","24","17","20","6","75","1015","20","7","Braga"
"2018-07-19","25","17","21","6","75","1017","21","7","Braga"
"2018-07-20","26","16","21","6","66","1018","21","7","Braga"
"2018-07-21","26","15","20","6","61","1018","20","7","Braga"
"2018-07-22","30","16","22","6","59","1015","23","7","Braga"
"2018-07-23","26","18","21","6","64","1015","22","7","Braga"
"2018-07-24","26","16","20","6","72","1016","21","7","Braga"
"2018-07-25","27","17","21","6","72","1015","22","7","Braga"
"2018-07-26","26","17","20","6","73","1016","21","7","Braga"
"2018-07-27","24","16","19","5","72","1015","19","7","Braga"
"2018-07-28","25","15","19","5","70","1017","20","7","Braga"
"2018-07-29","23","14","18","5","72","1019","18","7","Braga"
"2018-07-30","24","16","20","4","79","1019","20","7","Braga"
"2018-07-31","27","18","21","6","72","1019","22","7","Braga"
"2018-08-01","33","16","24","6","53","1017","25","8","Braga"
"2018-08-02","39","23","30","7","39","1015","31","8","Braga"
"2018-08-03","39","26","32","8","33","1017","32","8","Braga"
"2018-08-04","40","26","32","8","33","1018","33","8","Braga"
"2018-08-05","39","25","31","8","36","1016","32","8","Braga"
"2018-08-06","27","18","23","6","56","1015","25","8","Braga"
"2018-08-07","26","18","21","6","70","1016","21","8","Braga"
"2018-08-08","24","15","19","5","70","1015","20","8","Braga"
"2018-08-09","25","14","19","5","64","1021","19","8","Braga"
"2018-08-10","29","14","21","6","52","1023","21","8","Braga"
"2018-08-11","31","17","23","6","45","1021","24","8","Braga"
"2018-08-12","26","17","21","6","66","1018","22","8","Braga"
"2018-08-13","26","15","20","5","71","1018","20","8","Braga"
"2018-08-14","32","16","24","6","55","1018","25","8","Braga"
"2018-08-15","32","20","25","7","40","1016","26","8","Braga"
"2018-08-16","30","18","24","6","55","1017","25","8","Braga"
"2018-08-17","32","17","24","6","53","1019","24","8","Braga"
"2018-08-18","33","19","25","6","34","1018","25","8","Braga"
"2018-08-19","35","19","26","7","26","1018","26","8","Braga"
"2018-08-20","36","22","28","7","27","1017","28","8","Braga"
"2018-08-21","35","22","28","7","29","1015","28","8","Braga"
"2018-08-22","31","20","25","7","50","1016","27","8","Braga"
"2018-08-23","30","19","24","6","61","1018","25","8","Braga"
"2018-08-24","31","18","24","6","44","1020","25","8","Braga"
"2018-08-25","30","15","22","6","44","1018","22","8","Braga"
"2018-08-26","30","17","23","6","45","1016","24","8","Braga"
"2018-08-27","33","18","26","7","46","1014","27","8","Braga"
"2018-08-28","26","18","22","6","66","1015","22","8","Braga"
"2018-08-29","28","16","21","6","66","1021","21","8","Braga"
"2018-08-30","30","16","23","6","57","1020","24","8","Braga"
"2018-08-31","34","19","26","7","42","1018","27","8","Braga"
"2018-09-01","37","22","28","7","34","1015","29","9","Braga"
"2018-09-02","33","23","27","7","38","1013","27","9","Braga"
"2018-09-03","25","19","22","6","67","1012","22","9","Braga"
"2018-09-04","26","18","21","6","74","1013","21","9","Braga"
"2018-09-05","25","16","20","6","73","1014","21","9","Braga"
"2018-09-06","29","15","22","6","60","1016","22","9","Braga"
"2018-09-07","30","19","23","6","50","1014","24","9","Braga"
"2018-09-08","27","19","22","6","54","1015","23","9","Braga"
"2018-09-09","27","17","21","6","61","1020","22","9","Braga"
"2018-09-10","31","17","23","6","53","1023","24","9","Braga"
"2018-09-11","31","20","25","7","41","1021","25","9","Braga"
"2018-09-12","30","20","24","6","45","1021","25","9","Braga"
"2018-09-13","31","17","23","6","45","1020","24","9","Braga"
"2018-09-14","30","18","24","6","54","1018","26","9","Braga"
"2018-09-15","29","18","23","6","58","1019","25","9","Braga"
"2018-09-16","28","16","22","6","58","1020","22","9","Braga"
"2018-09-17","28","18","22","6","48","1017","22","9","Braga"
"2018-09-18","25","16","20","6","67","1018","21","9","Braga"
"2018-09-19","27","15","20","5","64","1021","21","9","Braga"
"2018-09-20","25","15","19","5","68","1021","21","9","Braga"
"2018-09-21","26","16","20","6","72","1021","21","9","Braga"
"2018-09-22","30","17","23","6","63","1023","24","9","Braga"
"2018-09-23","31","18","24","6","54","1024","25","9","Braga"
"2018-09-24","33","21","26","7","51","1022","27","9","Braga"
"2018-09-25","32","19","25","6","32","1020","25","9","Braga"
"2018-09-26","30","18","24","6","33","1022","24","9","Braga"
"2018-09-27","29","20","24","6","51","1025","25","9","Braga"
"2018-09-28","27","17","21","6","59","1021","22","9","Braga"
"2018-09-29","28","17","22","6","57","1017","22","9","Braga"
"2018-09-30","28","18","22","6","59","1018","22","9","Braga"
"2018-10-01","27","16","21","6","38","1021","21","10","Braga"
"2018-10-02","27","15","20","6","31","1022","20","10","Braga"
"2018-10-03","29","16","21","6","29","1022","22","10","Braga"
"2018-10-04","28","18","22","6","38","1019","23","10","Braga"
"2018-10-05","25","15","19","5","43","1016","20","10","Braga"
"2018-10-06","21","14","17","5","57","1018","17","10","Braga"
"2018-10-07","23","10","15","5","47","1021","15","10","Braga"
"2018-10-08","24","12","17","5","42","1017","17","10","Braga"
"2018-10-09","24","14","18","5","46","1011","18","10","Braga"
"2018-10-10","22","14","18","5","50","1005","18","10","Braga"
"2018-10-11","19","16","17","5","74","1009","17","10","Braga"
"2018-10-12","19","15","17","4","73","1017","17","10","Braga"
"2018-10-13","24","15","19","5","68","1012","19","10","Braga"
"2018-10-14","16","12","13","4","75","1012","12","10","Braga"
"2018-10-15","16","12","14","3","85","1008","13","10","Braga"
"2018-10-16","21","12","16","5","75","1016","17","10","Braga"
"2018-10-17","17","13","14","4","85","1017","15","10","Braga"
"2018-10-18","23","13","17","5","73","1013","17","10","Braga"
"2018-10-19","25","14","19","5","61","1015","19","10","Braga"
"2018-10-20","25","16","20","5","54","1018","20","10","Braga"
"2018-10-21","26","18","20","6","57","1019","20","10","Braga"
"2018-10-22","26","16","20","5","53","1022","20","10","Braga"
"2018-10-23","24","15","18","5","46","1025","18","10","Braga"
"2018-10-24","24","15","18","5","45","1025","19","10","Braga"
"2018-10-25","23","14","18","5","42","1019","18","10","Braga"
"2018-10-26","21","14","17","5","51","1014","17","10","Braga"
"2018-10-27","14","8","12","4","57","1014","10","10","Braga"
"2018-10-28","13","6","9","3","57","1011","7","10","Braga"
"2018-10-29","12","5","9","3","70","1010","8","10","Braga"
"2018-10-30","12","8","10","3","82","1000","9","10","Braga"
"2018-10-31","10","8","9","2","86","1006","9","10","Braga"
"2018-11-01","14","7","10","3","83","1017","10","11","Braga"
"2018-11-02","17","12","14","3","92","1024","14","11","Braga"
"2018-11-03","17","10","13","4","82","1023","14","11","Braga"
"2018-11-04","13","10","11","3","90","1010","11","11","Braga"
"2018-11-05","12","9","10","4","83","1005","9","11","Braga"
"2018-11-06","13","9","11","3","91","1009","9","11","Braga"
"2018-11-07","14","9","11","3","75","1013","10","11","Braga"
"2018-11-08","11","9","10","3","80","1014","8","11","Braga"
"2018-11-09","14","8","10","3","90","1017","9","11","Braga"
"2018-11-10","16","13","14","3","89","1010","13","11","Braga"
"2018-11-11","14","10","13","3","91","1010","12","11","Braga"
"2018-11-12","15","8","11","4","80","1017","11","11","Braga"
"2018-11-13","17","8","11","4","70","1024","12","11","Braga"
"2018-11-14","19","10","14","4","72","1020","13","11","Braga"
"2018-11-15","20","12","15","4","71","1016","14","11","Braga"
"2018-11-16","19","12","15","4","73","1016","15","11","Braga"
"2018-11-17","20","12","15","5","68","1011","15","11","Braga"
"2018-11-18","17","13","15","4","72","1003","15","11","Braga"
"2018-11-19","17","12","13","4","78","1003","14","11","Braga"
"2018-11-20","13","10","11","4","86","1001","11","11","Braga"
"2018-11-21","12","9","10","3","83","1008","9","11","Braga"
"2018-11-22","12","8","9","3","83","1012","8","11","Braga"
"2018-11-23","11","7","9","2","87","1014","8","11","Braga"
"2018-11-24","12","9","10","3","89","1012","9","11","Braga"
"2018-11-25","12","9","11","4","87","1010","10","11","Braga"
"2018-11-26","13","8","10","4","78","1019","9","11","Braga"
"2018-11-27","12","7","10","3","76","1023","9","11","Braga"
"2018-11-28","14","7","10","2","71","1022","9","11","Braga"
"2018-11-29","12","9","10","2","85","1018","9","11","Braga"
"2018-11-30","13","7","10","3","84","1023","10","11","Braga"
"2018-12-01","11","8","10","2","89","1024","10","12","Braga"
"2018-12-02","12","11","12","3","92","1023","11","12","Braga"
"2018-12-03","13","12","12","3","92","1023","12","12","Braga"
"2018-12-04","17","10","12","4","82","1023","14","12","Braga"
"2018-12-05","16","9","12","4","77","1026","12","12","Braga"
"2018-12-06","16","11","13","4","83","1030","14","12","Braga"
"2018-12-07","13","10","11","3","88","1030","12","12","Braga"
"2018-12-08","14","7","10","3","80","1032","11","12","Braga"
"2018-12-09","18","10","12","4","76","1032","13","12","Braga"
"2018-12-10","17","10","13","3","53","1028","12","12","Braga"
"2018-12-11","15","10","12","4","64","1023","12","12","Braga"
"2018-12-12","13","9","11","3","85","1020","10","12","Braga"
"2018-12-13","12","7","10","2","79","1015","8","12","Braga"
"2018-12-14","10","6","8","2","88","1025","8","12","Braga"
"2018-12-15","13","10","11","3","93","1023","10","12","Braga"
"2018-12-16","12","8","11","4","86","1022","10","12","Braga"
"2018-12-17","12","7","9","3","78","1027","8","12","Braga"
"2018-12-18","11","8","9","2","81","1019","7","12","Braga"
"2018-12-19","12","8","10","2","88","1023","9","12","Braga"
"2018-12-20","13","10","11","3","91","1026","11","12","Braga"
"2018-12-21","12","11","11","3","90","1030","10","12","Braga"
"2018-12-22","16","11","12","3","83","1031","12","12","Braga"
"2018-12-23","15","9","11","3","74","1029","10","12","Braga"
"2018-12-24","16","8","11","3","62","1029","10","12","Braga"
"2018-12-25","16","10","11","4","55","1027","11","12","Braga"
"2018-12-26","16","9","11","4","54","1028","11","12","Braga"
"2018-12-27","12","11","11","3","77","1027","11","12","Braga"
"2018-12-28","16","9","11","4","81","1030","11","12","Braga"
"2018-12-29","16","8","11","4","68","1030","10","12","Braga"
"2018-12-30","16","7","10","4","48","1030","9","12","Braga"
"2018-12-31","16","7","10","4","45","1031","10","12","Braga"
"2019-01-01","17","8","13","4","54","1033","11","1","Braga"
"2019-01-02","17","8","12","4","65","1031","11","1","Braga"
"2019-01-03","16","6","11","4","51","1028","9","1","Braga"
"2019-01-04","15","5","10","4","43","1031","8","1","Braga"
"2019-01-05","17","5","11","4","41","1035","8","1","Braga"
"2019-01-06","17","6","11","4","43","1033","9","1","Braga"
"2019-01-07","17","6","12","4","43","1032","10","1","Braga"
"2019-01-08","18","6","12","4","51","1031","9","1","Braga"
"2019-01-09","18","7","12","4","60","1026","10","1","Braga"
"2019-01-10","13","7","9","3","67","1023","7","1","Braga"
"2019-01-11","14","4","9","3","57","1029","6","1","Braga"
"2019-01-12","15","5","10","3","64","1032","7","1","Braga"
"2019-01-13","15","5","10","4","63","1031","8","1","Braga"
"2019-01-14","15","6","11","4","60","1026","9","1","Braga"
"2019-01-15","15","7","11","3","65","1021","9","1","Braga"
"2019-01-16","10","7","9","2","87","1019","8","1","Braga"
"2019-01-17","12","5","8","3","79","1022","6","1","Braga"
"2019-01-18","8","4","6","2","83","1021","5","1","Braga"
"2019-01-19","11","6","9","2","95","1014","7","1","Braga"
"2019-01-20","12","6","9","2","86","1019","7","1","Braga"
"2019-01-21","12","4","8","3","79","1025","6","1","Braga"
"2019-01-22","11","5","7","2","90","1022","6","1","Braga"
"2019-01-23","12","10","11","3","93","1018","8","1","Braga"
"2019-01-24","16","11","12","3","91","1019","11","1","Braga"
"2019-01-25","18","8","13","4","76","1022","11","1","Braga"
"2019-01-26","15","8","12","4","72","1021","10","1","Braga"
"2019-01-27","12","7","9","2","79","1023","7","1","Braga"
"2019-01-28","13","8","10","3","85","1024","8","1","Braga"
"2019-01-29","11","8","10","2","90","1020","8","1","Braga"
"2019-01-30","8","4","6","2","92","1013","5","1","Braga"
"2019-01-31","12","10","12","3","95","1001","9","1","Braga"
"2019-02-01","9","7","8","2","77","997","4","2","Braga"
"2019-02-02","10","3","7","3","72","1018","4","2","Braga"
"2019-02-03","12","3","7","2","68","1029","6","2","Braga"
"2019-02-04","13","3","8","2","61","1030","7","2","Braga"
"2019-02-05","15","6","11","4","79","1030","9","2","Braga"
"2019-02-06","14","7","11","4","77","1027","10","2","Braga"
"2019-02-07","15","9","11","4","80","1027","10","2","Braga"
"2019-02-08","13","7","10","3","84","1024","9","2","Braga"
"2019-02-09","12","9","11","3","90","1022","9","2","Braga"
"2019-02-10","14","9","12","3","86","1022","10","2","Braga"
"2019-02-11","17","6","12","4","69","1030","10","2","Braga"
"2019-02-12","19","6","13","4","58","1030","10","2","Braga"
"2019-02-13","19","7","14","4","56","1028","12","2","Braga"
"2019-02-14","19","9","14","4","59","1025","12","2","Braga"
"2019-02-15","20","8","15","3","58","1025","13","2","Braga"
"2019-02-16","19","9","15","5","57","1023","14","2","Braga"
"2019-02-17","15","9","12","3","69","1020","11","2","Braga"
"2019-02-18","14","8","11","3","80","1019","9","2","Braga"
"2019-02-19","14","4","10","3","65","1021","8","2","Braga"
"2019-02-20","15","5","11","4","62","1022","9","2","Braga"
"2019-02-21","19","8","14","4","65","1024","11","2","Braga"
"2019-02-22","20","9","15","3","56","1027","13","2","Braga"
"2019-02-23","21","10","17","5","56","1029","15","2","Braga"
"2019-02-24","23","10","18","4","53","1029","16","2","Braga"
"2019-02-25","22","11","18","5","53","1029","16","2","Braga"
"2019-02-26","23","11","17","5","53","1026","15","2","Braga"
"2019-02-27","15","9","13","3","67","1027","12","2","Braga"
"2019-02-28","18","7","13","3","66","1031","11","2","Braga"
"2019-03-01","18","9","14","3","71","1027","13","3","Braga"
"2019-03-02","18","10","15","4","78","1027","14","3","Braga"
"2019-03-03","15","10","13","3","85","1021","11","3","Braga"
"2019-03-04","12","8","11","3","76","1021","10","3","Braga"
"2019-03-05","12","6","10","3","83","1012","8","3","Braga"
"2019-03-06","10","7","10","2","87","1005","7","3","Braga"
"2019-03-07","9","0","7","2","90","1015","5","3","Braga"
"2019-03-08","16","6","12","4","77","1024","10","3","Braga"
"2019-03-09","20","8","15","4","78","1031","13","3","Braga"
"2019-03-10","18","10","15","3","83","1032","13","3","Braga"
"2019-03-11","21","9","15","5","71","1031","14","3","Braga"
"2019-03-12","14","9","12","3","79","1028","11","3","Braga"
"2019-03-13","15","5","11","4","71","1033","8","3","Braga"
"2019-03-14","19","5","13","4","61","1032","10","3","Braga"
"2019-03-15","22","7","16","5","51","1028","14","3","Braga"
"2019-03-16","19","10","15","5","56","1021","14","3","Braga"
"2019-03-17","15","8","11","3","80","1022","10","3","Braga"
"2019-03-18","19","5","13","3","55","1027","9","3","Braga"
"2019-03-19","21","7","15","4","59","1027","12","3","Braga"
"2019-03-20","20","8","15","4","58","1028","12","3","Braga"
"2019-03-21","21","8","16","5","45","1027","13","3","Braga"
"2019-03-22","20","8","16","5","49","1026","13","3","Braga"
"2019-03-23","24","9","18","5","47","1024","15","3","Braga"
"2019-03-24","24","11","19","5","45","1022","17","3","Braga"
"2019-03-25","24","12","19","5","43","1021","17","3","Braga"
"2019-03-26","22","10","16","5","34","1018","14","3","Braga"
"2019-03-27","23","10","17","5","30","1022","15","3","Braga"
"2019-03-28","23","10","18","5","34","1025","15","3","Braga"
"2019-03-29","21","10","17","5","44","1022","14","3","Braga"
"2019-03-30","22","10","17","5","48","1018","15","3","Braga"
"2019-03-31","24","11","18","4","48","1013","16","3","Braga"
"2019-04-01","20","11","16","4","61","1013","15","4","Braga"
"2019-04-02","19","10","16","5","67","1017","14","4","Braga"
"2019-04-03","13","6","11","3","63","1014","7","4","Braga"
"2019-04-04","10","4","8","2","78","1006","6","4","Braga"
"2019-04-05","10","5","8","2","78","1000","6","4","Braga"
"2019-04-06","11","6","9","2","80","1004","6","4","Braga"
"2019-04-07","9","2","8","2","91","1010","6","4","Braga"
"2019-04-08","14","8","11","3","80","1013","9","4","Braga"
"2019-04-09","13","8","11","3","81","1014","9","4","Braga"
"2019-04-10","16","8","13","3","80","1019","10","4","Braga"
"2019-04-11","18","7","14","4","68","1021","12","4","Braga"
"2019-04-12","19","8","15","4","63","1020","13","4","Braga"
"2019-04-13","17","10","14","3","69","1019","13","4","Braga"
"2019-04-14","20","13","17","4","87","1016","16","4","Braga"
"2019-04-15","15","10","14","3","85","1013","13","4","Braga"
"2019-04-16","20","7","15","5","64","1016","13","4","Braga"
"2019-04-17","15","11","13","3","77","1008","12","4","Braga"
"2019-04-18","19","9","15","4","75","1012","13","4","Braga"
"2019-04-19","22","10","17","4","68","1016","15","4","Braga"
"2019-04-20","27","12","22","6","51","1018","20","4","Braga"
"2019-04-21","24","13","19","5","50","1013","17","4","Braga"
"2019-04-22","19","12","16","4","67","1002","14","4","Braga"
"2019-04-23","12","7","10","2","78","998","7","4","Braga"
"2019-04-24","12","7","11","3","84","999","7","4","Braga"
"2019-04-25","10","7","10","2","81","1011","6","4","Braga"
"2019-04-26","15","7","12","3","74","1026","10","4","Braga"
"2019-04-27","22","8","17","5","69","1028","14","4","Braga"
"2019-04-28","26","12","21","5","61","1022","18","4","Braga"
"2019-04-29","24","14","21","6","62","1018","19","4","Braga"
"2019-04-30","24","12","20","6","63","1017","18","4","Braga"
"2019-05-01","24","13","20","6","62","1015","19","5","Braga"
"2019-05-02","27","12","21","6","52","1015","18","5","Braga"
"2019-05-03","24","13","20","6","50","1014","18","5","Braga"
"2019-05-04","24","12","21","6","51","1014","18","5","Braga"
"2019-05-05","25","13","20","5","53","1016","18","5","Braga"
"2019-05-06","20","12","16","5","70","1018","15","5","Braga"
"2019-05-07","16","13","15","4","84","1016","14","5","Braga"
"2019-05-08","15","11","14","3","83","1013","12","5","Braga"
"2019-05-09","14","8","12","3","92","1013","11","5","Braga"
"2019-05-10","15","12","14","3","90","1016","14","5","Braga"
"2019-05-11","25","9","20","5","62","1023","17","5","Braga"
"2019-05-12","29","14","23","6","42","1022","21","5","Braga"
"2019-05-13","32","15","25","7","37","1020","23","5","Braga"
"2019-05-14","31","16","25","7","34","1016","23","5","Braga"
"2019-05-15","27","17","23","5","50","1014","22","5","Braga"
"2019-05-16","19","10","15","4","75","1014","14","5","Braga"
"2019-05-17","16","8","14","3","69","1016","11","5","Braga"
"2019-05-18","16","7","13","4","68","1016","11","5","Braga"
"2019-05-19","19","8","15","4","61","1015","13","5","Braga"
"2019-05-20","19","8","15","3","64","1015","13","5","Braga"
"2019-05-21","23","10","19","5","62","1016","17","5","Braga"
"2019-05-22","24","14","21","6","63","1018","19","5","Braga"
"2019-05-23","22","13","19","5","66","1020","16","5","Braga"
"2019-05-24","25","11","20","6","54","1020","18","5","Braga"
"2019-05-25","27","12","22","6","51","1021","20","5","Braga"
"2019-05-26","29","14","24","6","51","1021","22","5","Braga"
"2019-05-27","26","15","22","6","57","1018","20","5","Braga"
"2019-05-28","27","12","22","6","42","1019","20","5","Braga"
"2019-05-29","32","14","25","6","42","1022","23","5","Braga"
"2019-05-30","34","18","28","7","42","1023","26","5","Braga"
"2019-05-31","32","20","28","7","38","1020","25","5","Braga"
"2019-06-01","32","19","28","7","35","1019","25","6","Braga"
"2019-06-02","27","18","24","6","41","1018","22","6","Braga"
"2019-06-03","24","16","21","5","68","1017","19","6","Braga"
"2019-06-04","19","11","17","4","77","1013","15","6","Braga"
"2019-06-05","18","10","15","4","67","1016","13","6","Braga"
"2019-06-06","15","10","13","3","79","1010","11","6","Braga"
"2019-06-07","18","9","15","4","69","1018","13","6","Braga"
"2019-06-08","20","8","17","5","56","1022","14","6","Braga"
"2019-06-09","20","10","17","5","63","1021","15","6","Braga"
"2019-06-10","21","10","17","5","60","1020","15","6","Braga"
"2019-06-11","22","10","18","5","56","1018","16","6","Braga"
"2019-06-12","20","8","16","5","61","1016","14","6","Braga"
"2019-06-13","19","10","16","5","65","1012","15","6","Braga"
"2019-06-14","19","8","16","4","72","1015","14","6","Braga"
"2019-06-15","20","9","17","4","74","1021","14","6","Braga"
"2019-06-16","24","11","20","4","69","1019","17","6","Braga"
"2019-06-17","23","10","19","5","64","1016","16","6","Braga"
"2019-06-18","19","10","16","4","83","1012","14","6","Braga"
"2019-06-19","21","14","19","4","81","1015","17","6","Braga"
"2019-06-20","22","12","19","4","76","1016","17","6","Braga"
"2019-06-21","24","12","21","6","71","1018","18","6","Braga"
"2019-06-22","23","13","20","6","60","1014","18","6","Braga"
"2019-06-23","20","13","18","4","88","1012","16","6","Braga"
"2019-06-24","22","13","18","4","79","1015","17","6","Braga"
"2019-06-25","26","12","22","5","73","1016","20","6","Braga"
"2019-06-26","25","15","21","5","77","1015","19","6","Braga"
"2019-06-27","23","15","20","5","77","1017","18","6","Braga"
"2019-06-28","27","13","23","6","65","1018","21","6","Braga"
"2019-06-29","27","14","23","6","67","1017","22","6","Braga"
"2019-06-30","26","14","22","6","76","1018","21","6","Braga"
"2019-07-01","28","15","24","6","73","1019","22","7","Braga"
"2019-07-02","31","16","26","7","67","1014","24","7","Braga"
"2019-07-03","26","16","23","5","73","1012","22","7","Braga"
"2019-07-04","25","15","22","6","73","1014","19","7","Braga"
"2019-07-05","24","15","21","6","73","1017","19","7","Braga"
"2019-07-06","25","14","22","6","74","1016","19","7","Braga"
"2019-07-07","24","14","21","5","79","1015","19","7","Braga"
"2019-07-08","25","14","21","5","81","1014","19","7","Braga"
"2019-07-09","29","15","25","6","69","1016","23","7","Braga"
"2019-07-10","34","18","28","7","52","1015","26","7","Braga"
"2019-07-11","35","20","30","8","48","1015","28","7","Braga"
"2019-07-12","34","21","29","7","50","1014","28","7","Braga"
"2019-07-13","26","17","22","5","75","1014","22","7","Braga"
"2019-07-14","28","16","25","6","76","1015","23","7","Braga"
"2019-07-15","29","16","25","5","72","1015","23","7","Braga"
"2019-07-16","32","18","27","7","63","1014","25","7","Braga"
"2019-07-17","30","17","26","7","66","1015","24","7","Braga"
"2019-07-18","32","14","26","7","56","1017","23","7","Braga"
"2019-07-19","32","18","27","7","61","1015","25","7","Braga"
"2019-07-20","28","15","24","6","70","1017","22","7","Braga"
"2019-07-21","31","15","26","7","64","1019","24","7","Braga"
"2019-07-22","33","19","28","7","59","1017","26","7","Braga"
"2019-07-23","29","18","25","7","65","1016","24","7","Braga"
"2019-07-24","29","16","24","6","67","1015","22","7","Braga"
"2019-07-25","22","15","20","5","85","1014","19","7","Braga"
"2019-07-26","23","13","20","5","73","1016","18","7","Braga"
"2019-07-27","23","15","20","4","81","1012","19","7","Braga"
"2019-07-28","27","13","22","6","62","1013","21","7","Braga"
"2019-07-29","23","13","20","4","70","1015","18","7","Braga"
"2019-07-30","25","11","20","6","66","1020","18","7","Braga"
"2019-07-31","30","13","25","6","53","1016","22","7","Braga"
"2019-08-01","28","15","23","6","59","1015","22","8","Braga"
"2019-08-02","29","15","24","6","69","1016","23","8","Braga"
"2019-08-03","29","15","24","6","67","1016","22","8","Braga"
"2019-08-04","26","14","22","6","75","1017","20","8","Braga"
"2019-08-05","27","13","23","6","73","1017","21","8","Braga"
"2019-08-06","26","15","22","5","81","1015","20","8","Braga"
"2019-08-07","25","16","20","5","85","1014","19","8","Braga"
"2019-08-08","23","18","21","5","93","1012","20","8","Braga"
"2019-08-09","22","15","20","4","83","1016","19","8","Braga"
"2019-08-10","23","14","20","4","73","1020","18","8","Braga"
"2019-08-11","22","12","19","4","73","1021","17","8","Braga"
"2019-08-12","25","10","20","4","66","1022","17","8","Braga"
"2019-08-13","27","12","22","6","57","1021","20","8","Braga"
"2019-08-14","28","14","24","6","66","1021","22","8","Braga"
"2019-08-15","30","16","26","7","65","1020","25","8","Braga"
"2019-08-16","28","16","24","6","70","1019","22","8","Braga"
"2019-08-17","28","15","23","6","76","1017","22","8","Braga"
"2019-08-18","25","18","21","5","84","1016","20","8","Braga"
"2019-08-19","26","13","21","6","64","1018","19","8","Braga"
"2019-08-20","32","12","25","7","57","1019","23","8","Braga"
"2019-08-21","34","17","28","7","44","1018","26","8","Braga"
"2019-08-22","34","18","29","7","42","1017","26","8","Braga"
"2019-08-23","33","20","29","7","35","1017","27","8","Braga"
"2019-08-24","30","18","26","7","54","1018","25","8","Braga"
"2019-08-25","27","15","23","5","66","1015","22","8","Braga"
"2019-08-26","27","16","24","5","69","1014","22","8","Braga"
"2019-08-27","27","16","23","6","72","1016","22","8","Braga"
"2019-08-28","27","15","22","5","76","1018","21","8","Braga"
"2019-08-29","29","15","25","6","64","1019","23","8","Braga"
"2019-08-30","30","16","26","7","54","1018","24","8","Braga"
"2019-08-31","29","15","24","6","64","1017","22","8","Braga"
"2019-09-01","31","15","25","6","62","1016","23","9","Braga"
"2019-09-02","34","17","27","7","48","1017","25","9","Braga"
"2019-09-03","36","18","28","7","37","1019","26","9","Braga"
"2019-09-04","33","19","28","7","41","1019","26","9","Braga"
"2019-09-05","31","15","25","6","43","1020","23","9","Braga"
"2019-09-06","29","14","23","6","39","1020","21","9","Braga"
"2019-09-07","30","15","24","6","32","1019","22","9","Braga"
"2019-09-08","31","15","25","7","39","1017","23","9","Braga"
"2019-09-09","25","14","21","5","54","1018","19","9","Braga"
"2019-09-10","24","9","18","5","61","1021","16","9","Braga"
"2019-09-11","30","10","23","6","54","1024","20","9","Braga"
"2019-09-12","33","15","26","7","38","1025","24","9","Braga"
"2019-09-13","35","19","29","7","35","1022","27","9","Braga"
"2019-09-14","32","19","27","7","42","1020","26","9","Braga"
"2019-09-15","31","18","25","6","52","1018","24","9","Braga"
"2019-09-16","0","-4","0","1","59","1018","19","9","Braga"
"2019-09-17","29","17","24","5","70","1016","23","9","Braga"
"2019-09-18","28","16","23","5","77","1016","21","9","Braga"
"2019-09-19","25","16","21","5","83","1016","20","9","Braga"
"2019-09-20","23","15","20","5","80","1013","19","9","Braga"
"2019-09-21","18","14","17","4","90","1009","16","9","Braga"
"2019-09-22","20","12","17","4","82","1015","15","9","Braga"
"2019-09-23","21","12","18","5","77","1020","16","9","Braga"
"2019-09-24","22","14","18","4","84","1019","17","9","Braga"
"2019-09-25","21","12","18","5","78","1021","16","9","Braga"
"2019-09-26","23","12","18","5","78","1020","16","9","Braga"
"2019-09-27","23","12","19","4","81","1021","17","9","Braga"
"2019-09-28","26","12","21","6","72","1020","18","9","Braga"
"2019-09-29","23","12","19","5","74","1019","17","9","Braga"
"2019-09-30","24","16","21","5","86","1017","19","9","Braga"
"2019-10-01","22","14","19","4","83","1017","18","10","Braga"
"2019-10-02","22","11","18","5","75","1020","16","10","Braga"
"2019-10-03","22","12","18","4","78","1020","17","10","Braga"
"2019-10-04","22","15","20","4","82","1019","18","10","Braga"
"2019-10-05","23","12","19","5","76","1019","17","10","Braga"
"2019-10-06","25","12","21","6","72","1021","19","10","Braga"
"2019-10-07","27","14","23","6","63","1020","21","10","Braga"
"2019-10-08","25","16","21","5","76","1019","19","10","Braga"
"2019-10-09","22","10","17","5","68","1022","15","10","Braga"
"2019-10-10","29","11","22","6","55","1019","21","10","Braga"
"2019-10-11","25","15","21","6","53","1017","20","10","Braga"
"2019-10-12","22","14","18","4","77","1012","17","10","Braga"
"2019-10-13","17","15","16","4","88","1010","16","10","Braga"
"2019-10-14","14","9","12","3","87","1012","11","10","Braga"
"2019-10-15","16","9","13","3","85","1020","12","10","Braga"
"2019-10-16","15","12","14","3","90","1017","13","10","Braga"
"2019-10-17","17","14","16","4","94","1016","15","10","Braga"
"2019-10-18","17","11","15","3","86","1016","14","10","Braga"
"2019-10-19","13","10","12","3","95","1007","11","10","Braga"
"2019-10-20","15","8","12","3","86","1012","11","10","Braga"
"2019-10-21","17","7","12","3","80","1017","11","10","Braga"
"2019-10-22","19","7","14","3","73","1015","12","10","Braga"
"2019-10-23","16","7","13","4","79","1012","12","10","Braga"
"2019-10-24","15","9","13","3","86","1019","12","10","Braga"
"2019-10-25","21","10","17","5","75","1021","15","10","Braga"
"2019-10-26","21","11","17","5","69","1018","16","10","Braga"
"2019-10-27","21","14","18","5","67","1018","17","10","Braga"
"2019-10-28","17","13","16","4","80","1016","15","10","Braga"
"2019-10-29","20","14","17","4","88","1017","17","10","Braga"
"2019-10-30","17","15","16","4","96","1021","16","10","Braga"
"2019-10-31","18","15","17","4","97","1024","17","10","Braga"
"2019-11-01","18","16","18","4","96","1019","17","11","Braga"
"2019-11-02","16","13","15","3","91","1010","14","11","Braga"
"2019-11-03","14","10","13","3","90","1010","12","11","Braga"
"2019-11-04","14","6","13","3","87","1010","11","11","Braga"
"2019-11-05","14","9","12","3","87","1015","10","11","Braga"
"2019-11-06","12","6","10","3","94","1017","10","11","Braga"
"2019-11-07","11","6","9","2","86","1016","7","11","Braga"
"2019-11-08","13","4","9","2","82","1021","7","11","Braga"
"2019-11-09","13","7","10","3","89","1022","9","11","Braga"
"2019-11-10","12","7","9","2","87","1023","8","11","Braga"
"2019-11-11","15","7","13","3","87","1020","11","11","Braga"
"2019-11-12","12","3","9","2","88","1018","7","11","Braga"
"2019-11-13","16","6","13","3","88","1013","12","11","Braga"
"2019-11-14","10","6","9","2","83","1009","6","11","Braga"
"2019-11-15","10","4","7","3","78","1011","4","11","Braga"
"2019-11-16","11","3","8","2","82","1017","6","11","Braga"
"2019-11-17","11","6","9","2","85","1015","8","11","Braga"
"2019-11-18","13","5","10","3","83","1018","8","11","Braga"
"2019-11-19","9","4","8","2","86","1016","6","11","Braga"
"2019-11-20","10","4","9","2","92","1008","8","11","Braga"
"2019-11-21","13","7","10","3","90","1006","9","11","Braga"
"2019-11-22","14","9","12","3","89","993","8","11","Braga"
"2019-11-23","12","7","10","2","87","1007","8","11","Braga"
"2019-11-24","11","4","10","2","92","1014","8","11","Braga"
"2019-11-25","15","12","13","3","91","1014","13","11","Braga"
"2019-11-26","15","11","13","3","93","1008","11","11","Braga"
"2019-11-27","0","6","0","2","95","1013","6","11","Braga"
"2019-11-28","15","6","13","3","95","1013","11","11","Braga"
"2019-11-29","16","10","14","3","93","1018","13","11","Braga"
"2019-11-30","15","10","13","3","90","1017","12","11","Braga"
"2019-12-01","14","8","12","3","85","1011","9","12","Braga"
"2019-12-02","14","5","10","4","78","1018","8","12","Braga"
"2019-12-03","13","4","8","3","69","1018","6","12","Braga"
"2019-12-04","12","3","8","3","72","1014","6","12","Braga"
"2019-12-05","15","5","11","4","74","1019","8","12","Braga"
"2019-12-06","14","7","11","3","79","1023","9","12","Braga"
"2019-12-07","14","6","11","3","81","1025","10","12","Braga"
"2019-12-08","13","11","12","3","89","1026","12","12","Braga"
"2019-12-09","12","6","9","2","80","1031","9","12","Braga"
"2019-12-10","13","5","10","2","64","1028","8","12","Braga"
"2019-12-11","11","7","9","2","82","1027","7","12","Braga"
"2019-12-12","12","7","11","3","93","1021","9","12","Braga"
"2019-12-13","13","6","12","3","95","1019","10","12","Braga"
"2019-12-14","13","11","12","3","92","1017","11","12","Braga"
"2019-12-15","11","9","11","3","96","1009","10","12","Braga"
"2019-12-16","9","7","8","2","96","997","8","12","Braga"
"2019-12-17","10","4","7","3","83","1007","5","12","Braga"
"2019-12-18","13","7","11","3","87","1009","9","12","Braga"
"2019-12-19","13","10","11","3","93","999","10","12","Braga"
"2019-12-20","12","4","10","2","95","999","8","12","Braga"
"2019-12-21","15","10","13","3","90","1003","11","12","Braga"
"2019-12-22","14","8","12","3","91","1017","9","12","Braga"
"2019-12-23","12","7","10","3","89","1026","9","12","Braga"
"2019-12-24","18","13","15","3","90","1026","14","12","Braga"
"2019-12-25","17","11","13","3","79","1023","12","12","Braga"
"2019-12-26","14","8","11","4","84","1029","10","12","Braga"
"2019-12-27","15","6","11","4","74","1029","9","12","Braga"
"2019-12-28","18","7","13","4","63","1029","11","12","Braga"
"2019-12-29","19","8","14","4","59","1029","12","12","Braga"
"2019-12-30","17","8","12","4","55","1031","11","12","Braga"
"2019-12-31","16","7","12","4","69","1032","10","12","Braga"
"2020-01-01","14","5","10","3","68","1032","8","1","Braga"
"2020-01-02","11","5","8","2","75","1030","7","1","Braga"
"2020-01-03","12","8","11","3","87","1032","10","1","Braga"
"2020-01-04","15","8","11","4","85","1034","10","1","Braga"
"2020-01-05","15","5","10","4","74","1031","8","1","Braga"
"2020-01-06","12","5","8","3","75","1030","7","1","Braga"
"2020-01-07","15","4","10","4","72","1032","8","1","Braga"
"2020-01-08","15","6","11","3","72","1030","9","1","Braga"
"2020-01-09","13","6","11","3","89","1028","10","1","Braga"
"2020-01-10","14","4","9","3","80","1031","8","1","Braga"
"2020-01-11","13","4","9","3","72","1032","7","1","Braga"
"2020-01-12","12","4","9","3","75","1031","7","1","Braga"
"2020-01-13","10","4","8","2","78","1024","6","1","Braga"
"2020-01-14","11","9","10","3","82","1017","8","1","Braga"
"2020-01-15","13","10","12","3","93","1017","11","1","Braga"
"2020-01-16","12","9","12","3","90","1019","10","1","Braga"
"2020-01-17","12","7","9","2","82","1030","9","1","Braga"
"2020-01-18","13","7","10","3","90","1025","8","1","Braga"
"2020-01-19","13","6","9","3","80","1029","8","1","Braga"
"2020-01-20","11","1","6","3","62","1029","3","1","Braga"
"2020-01-21","12","2","8","3","64","1023","4","1","Braga"
"2020-01-22","13","4","9","3","75","1019","6","1","Braga"
"2020-01-23","11","4","8","2","77","1017","5","1","Braga"
"2020-01-24","13","6","10","2","78","1019","8","1","Braga"
"2020-01-25","14","5","10","3","79","1018","8","1","Braga"
"2020-01-26","12","5","9","2","86","1022","7","1","Braga"
"2020-01-27","12","7","11","3","96","1020","9","1","Braga"
"2020-01-28","12","11","12","3","99","1021","11","1","Braga"
"2020-01-29","12","11","12","3","97","1022","11","1","Braga"
"2020-01-30","12","4","11","3","97","1021","9","1","Braga"
"2020-01-31","15","10","14","3","97","1021","13","1","Braga"
"2020-02-01","15","14","14","3","98","1023","14","2","Braga"
"2020-02-02","19","14","16","4","90","1027","16","2","Braga"
"2020-02-03","20","11","16","5","78","1028","14","2","Braga"
"2020-02-04","19","11","15","4","82","1030","14","2","Braga"
"2020-02-05","18","9","13","4","67","1026","12","2","Braga"
"2020-02-06","17","8","13","3","66","1022","11","2","Braga"
"2020-02-07","14","9","12","3","83","1021","11","2","Braga"
"2020-02-08","12","7","10","3","87","1024","10","2","Braga"
"2020-02-09","11","6","10","2","89","1028","8","2","Braga"
"2020-02-10","14","12","13","3","96","1031","13","2","Braga"
"2020-02-11","16","10","13","3","88","1028","12","2","Braga"
"2020-02-12","17","10","13","4","85","1023","12","2","Braga"
"2020-02-13","14","10","12","3","92","1024","12","2","Braga"
"2020-02-14","15","9","12","3","89","1026","11","2","Braga"
"2020-02-15","16","8","12","4","85","1025","11","2","Braga"
"2020-02-16","15","9","12","3","89","1024","11","2","Braga"
"2020-02-17","13","6","12","3","81","1029","10","2","Braga"
"2020-02-18","14","4","9","3","74","1034","6","2","Braga"
"2020-02-19","16","4","12","3","69","1032","9","2","Braga"
"2020-02-20","17","6","12","4","70","1025","10","2","Braga"
"2020-02-21","21","7","14","4","65","1029","12","2","Braga"
"2020-02-22","22","8","16","5","61","1032","14","2","Braga"
"2020-02-23","23","9","17","5","59","1032","15","2","Braga"
"2020-02-24","19","8","15","4","67","1028","13","2","Braga"
"2020-02-25","11","7","10","2","93","1025","9","2","Braga"
"2020-02-26","13","6","10","2","79","1026","8","2","Braga"
"2020-02-27","15","6","12","3","88","1025","10","2","Braga"
"2020-02-28","17","7","13","3","74","1020","11","2","Braga"
"2020-02-29","13","8","11","3","85","1013","9","2","Braga"
"2020-03-01","14","7","13","3","88","1011","10","3","Braga"
"2020-03-02","12","7","10","2","78","1013","7","3","Braga"
"2020-03-03","14","8","13","3","94","1019","11","3","Braga"
"2020-03-04","14","9","13","3","97","1020","12","3","Braga"
"2020-03-05","14","8","11","3","86","1016","9","3","Braga"
"2020-03-06","12","6","10","2","78","1025","7","3","Braga"
"2020-03-07","17","6","12","4","78","1028","10","3","Braga"
"2020-03-08","12","5","10","2","89","1027","8","3","Braga"
"2020-03-09","16","5","11","4","79","1029","10","3","Braga"
"2020-03-10","19","7","14","4","79","1027","12","3","Braga"
"2020-03-11","22","10","16","5","77","1023","14","3","Braga"
"2020-03-12","20","10","16","5","78","1020","14","3","Braga"
"2020-03-13","20","8","16","5","77","1020","13","3","Braga"
"2020-03-14","22","7","16","5","65","1020","14","3","Braga"
"2020-03-15","13","4","9","2","87","1017","7","3","Braga"
"2020-03-16","14","2","9","3","75","1020","6","3","Braga"
"2020-03-17","20","3","14","4","70","1023","10","3","Braga"
"2020-03-18","24","9","18","5","68","1023","15","3","Braga"
"2020-03-19","21","11","17","4","68","1018","15","3","Braga"
"2020-03-20","13","11","13","3","93","1012","12","3","Braga"
"2020-03-21","14","10","12","3","89","1010","12","3","Braga"
"2020-03-22","19","8","14","3","83","1012","13","3","Braga"
"2020-03-23","20","8","15","4","74","1014","13","3","Braga"
"2020-03-24","21","9","16","5","66","1015","14","3","Braga"
"2020-03-25","19","9","15","4","69","1015","13","3","Braga"
"2020-03-26","19","7","15","4","68","1013","13","3","Braga"
"2020-03-27","16","5","12","4","54","1011","9","3","Braga"
"2020-03-28","19","6","15","4","57","1017","12","3","Braga"
"2020-03-29","20","7","15","4","62","1018","12","3","Braga"
"2020-03-30","12","7","10","3","63","1014","7","3","Braga"
